{"cameraMode":{"drawMode":0,"name":"Shaded","section":"Shading Mode"},"sceneLighting":true,"audioPlay":false,"sceneViewState":{"m_AlwaysRefresh":false,"showFog":true,"showSkybox":true,"showFlares":true,"showImageEffects":true,"showParticleSystems":true,"showVisualEffectGraphs":true,"m_FxEnabled":true},"in2DMode":false,"pivot":{"x":6.0132880210876469,"y":-0.45000046491622927,"z":-44.05475997924805},"rotation":{"x":0.22046178579330445,"y":0.01786436140537262,"z":-0.004010756500065327,"w":0.9752963781356812},"size":10.131874084472657,"orthographic":false}