{"cameraMode":{"drawMode":0,"name":"Shaded","section":"Shading Mode"},"sceneLighting":true,"audioPlay":false,"sceneViewState":{"m_AlwaysRefresh":false,"showFog":true,"showSkybox":true,"showFlares":true,"showImageEffects":true,"showParticleSystems":true,"showVisualEffectGraphs":true,"m_FxEnabled":true},"in2DMode":false,"pivot":{"x":1.4621129035949708,"y":0.9834221005439758,"z":-0.4981454610824585},"rotation":{"x":0.08029843866825104,"y":-0.48066067695617678,"z":0.04425604268908501,"w":0.8721780776977539},"size":1.7462987899780274,"orthographic":false}