{"cameraMode":{"drawMode":0,"name":"Shaded","section":"Shading Mode"},"sceneLighting":true,"audioPlay":false,"sceneViewState":{"m_AlwaysRefresh":false,"showFog":true,"showSkybox":true,"showFlares":true,"showImageEffects":true,"showParticleSystems":true,"showVisualEffectGraphs":true,"m_FxEnabled":true},"in2DMode":false,"pivot":{"x":11.108599662780762,"y":27.399076461791993,"z":-55.75838851928711},"rotation":{"x":0.08280051499605179,"y":-0.18252040445804597,"z":0.01538278441876173,"w":0.9796731472015381},"size":2.913991928100586,"orthographic":false}