{"cameraMode":{"drawMode":0,"name":"Shaded","section":"Shading Mode"},"sceneLighting":true,"audioPlay":false,"sceneViewState":{"m_AlwaysRefresh":false,"showFog":true,"showSkybox":true,"showFlares":true,"showImageEffects":true,"showParticleSystems":true,"showVisualEffectGraphs":true,"m_FxEnabled":true},"in2DMode":false,"pivot":{"x":-0.00004786252975463867,"y":0.8667935729026794,"z":0.011434182524681092},"rotation":{"x":0.2091234028339386,"y":-0.10071010142564774,"z":0.021665848791599275,"w":0.9725146889686585},"size":1.7018656730651856,"orthographic":false}